Method,Jaccard_median,Jaccard_P10,Jaccard_P90
KMeans,0.7445537365087446,0.5716130383255923,0.9165925620676539
GMM,0.5473549449780031,0.5041173214317073,0.7110229943391541
