Cluster,Recency_mean,Recency_median,Recency_std,Recency_min,Recency_p25,Recency_max,Recency_p75,Frequency_mean,Frequency_median,Frequency_std,Frequency_min,Frequency_p25,Frequency_max,Frequency_p75,MonetaryNet_mean,MonetaryNet_median,MonetaryNet_std,MonetaryNet_min,MonetaryNet_p25,MonetaryNet_max,MonetaryNet_p75,ReturnRatio_mean,ReturnRatio_median,ReturnRatio_std,ReturnRatio_min,ReturnRatio_p25,ReturnRatio_max,ReturnRatio_p75
0,39.1320987654321,28.0,35.09602872684178,0,10.0,162,60.0,5.549691358024691,4.0,6.286412907730679,1,2.0,53,7.0,1795.825763271605,896.3299999999999,2932.312474295828,0.0,396.81,50415.49,2024.575,47901.25857468691,-0.0,2388405.3257961185,-0.0,-0.0,134800000.00000003,0.012523757548507855
1,4.923076923076923,2.0,8.57402158580477,0,0.25,38,3.0,83.26923076923077,64.5,55.863088129681984,26,52.5,248,88.25,75966.3873076923,53489.78999999999,69730.5265971534,7711.38,34442.1225,279489.02,82567.05500000001,0.05644823395330772,0.02879353029294071,0.07486193074478,0.0025588315340171535,0.017306516493417592,0.3706546041884112,0.0786097257942062
2,245.45742753623188,240.0,68.22464359554455,136,185.0,373,300.0,1.8469202898550725,1.0,1.747198127158002,1,1.0,35,2.0,470.736785326087,298.055,892.8960480581657,0.0,155.875,21535.9,509.43,5406168.562360977,-0.0,72404129.44781467,-0.0,-0.0,1592490000.0,0.0
3,144.0,144.0,,144,144.0,144,144.0,1.0,1.0,,1,1.0,1,1.0,0.0,0.0,,0.0,0.0,0.0,0.0,4287630000.0000005,4287630000.0000005,,4287630000.0000005,4287630000.0000005,4287630000.0000005,4287630000.0000005
