Recency,Frequency,MonetaryNet,ReturnRatio,Cluster,value_score
39.132098765432055,5.549691358024692,1795.825763271605,47901.25857468182,0,5.0
4.923076923076934,83.26923076923077,75966.3873076923,0.056448234245181084,1,10.0
245.45742753623188,1.8469202898550718,470.7367853260871,5406168.562360978,2,-1.0
144.0,1.0,0.0,4287630000.0000005,3,-4.0
