Cluster,count,sum,avg_value
1,26,1975126.07,75966.3873076923
0,3240,5818475.473,1795.825763271605
2,1104,519693.411,470.736785326087
3,1,0.0,0.0
