Cluster,Segment,Customers,MonetaryNet_Sum,MonetaryNet_Mean,Frequency_Mean,Recency_Median,ReturnRatio_Mean,RevenueShare_%
0,Active Value Buyers,3240,5818475.473,1795.825763271605,5.549691358024691,28.0,47901.25857468691,69.9900040260258
1,Loyal Big Spenders,26,1975126.07,75966.3873076923,83.26923076923077,2.0,0.05644823395330772,23.758643004115402
2,Occasional / Newcomers,1104,519693.411,470.736785326087,1.8469202898550725,240.0,5406168.562360977,6.25135296985879
3,At-Risk / Low-Value,1,0.0,0.0,1.0,144.0,4287630000.0000005,0.0
