Cluster_GMM,Customers,MonetaryNet_Sum,MonetaryNet_Mean,Frequency_Mean,Recency_Median,ReturnRatio_Mean,RevenueShare_%
0,32,0.0,0.0,1.09375,353.5,191362812.5,0.0
1,1,0.0,0.0,1.0,144.0,4287630000.0000005,0.0
2,3700,2823281.434,763.0490362162162,2.9662162162162162,60.0,0.04102638078714674,33.961040112519505
3,638,5490013.52,8605.036865203761,17.515673981191224,10.0,0.031815907923519376,66.0389598874805
